epoch,steps,cosine_pearson,cosine_spearman
1.0,618,0.7209703432662278,0.7071912909327808
2.0,1236,0.7587475748139858,0.740214391858654
3.0,1854,0.7620421779760875,0.7429383979166295
